numa;auta;spnd
9/1;Knebel, Karl Ludwig von;44242
9/2;Sachsen-Weimar-Eisenach, Karl August Großherzog von;40962
9/3;Nicht ermittelt;66965
9/4;Nicht ermittelt (<zita>P.</zita>);66966
9/5;Noehden, Georg Heinrich;39997
9/6;Vulpius, Christian August;45631
9/7;Blum, Karl Ludwig;35817
9/8;Knebel, Karl Ludwig von;44242
9/9;Kosegarten, Johann Gottfried Ludwig;38785
9/10;Schiller, Luise Antoinette Charlotte von;45127
9/11;Schlosser, Johann Friedrich Heinrich;45154
9/12;Cotta, Johann Friedrich von;36466
9/13;Sachsen-Weimar-Eisenach, Karl August Großherzog von;40962
9/14;Mosengeil, Friedrich;39789
9/15;Sachsen-Weimar-Eisenach, Karl August Großherzog von;40962
9/16;Walter, Friedrich August;42462
9/17;Cattaneo, Gaetano;36305
9/18;Färber, Johann Michael Christoph;43600
9/19;Primisser, Alois;40452
9/20;Schiller, Ernst Friedrich Wilhelm von;45121
9/21;Boisserée, Johann Sulpiz Melchior Dominikus;43183
9/22;Kosegarten, Johann Gottfried Ludwig;38785
9/23;Weller, Christian Ernst Friedrich;45701
9/24;Werneburg, Johann Friedrich Christian;42613
9/25;Bertuch, Friedrich Johann Justin;43118
9/26;Nees von Esenbeck, Christian Gottfried Daniel;44667
9/27;Schallern, Karl Wilhelm Ludwig von;41077
9/28;Sachsen-Weimar-Eisenach, Karl August Großherzog von;40962
9/29;Bertuch, Friedrich Johann Justin;43118
9/30;Knebel, Karl Ludwig von;44242
9/31;Eichstädt, Heinrich Karl Abraham;36868
9/32;Zelter, Karl Friedrich;42874
9/33;Sachsen-Weimar-Eisenach, Karl August Großherzog von;40962
9/34;Pogwisch, Ulrike von;44816
9/35;Kräuter, Friedrich Theodor David;44302
9/36;Ritter, Karl;40745
9/37;Hüttner, Johann Christian;38277
9/38;Pyrker von Oberwart, Johann Ladislaus;40474
9/39;Schaum, Jakob Karl;45093
9/40;Bertuch, Friedrich Johann Justin;43118
9/41;Abeken, Bernhard Rudolf;42953
9/42;Reinhard, Karl Friedrich Graf;40609
9/43;Sachsen-Weimar-Eisenach, Karl August Großherzog von;40962
9/44;Dennstedt, August Wilhelm;36620
9/45;Färber, Johann Michael Christoph;43600
9/46;Frommann, Karl Friedrich Ernst;43691
9/47;Morgenstern, Johann Friedrich;49388
9/48;Bertuch, Friedrich Johann Justin;43118
9/49;Weigel, Johann August Gottlob;42533
9/50;Döbereiner, Johann Wolfgang;36694
9/51;Sachsen-Weimar-Eisenach, Karl August Großherzog von;40962
9/52;Brentano, Johanna Antonia Josepha;43252
9/53;Morgenstern, Johann Friedrich;49388
9/54;Sachsen-Weimar-Eisenach, Karl August Großherzog von;40962
9/55;Sachsen-Weimar-Eisenach, Karl August Großherzog von;40962
9/56;Schlosser, Johann Friedrich Heinrich;45154
9/57;Zelter, Karl Friedrich;42874
9/58;Rosenthal, Friedrich Christian;40829
9/59;Stimmel, Johann Gottlob;41803
9/60;Wötzel, Johann Karl;45767
9/61;Gerolt, Bernhard Franz Joseph von;37407
9/62;Werner, Friedrich Ludwig Zacharias;45706
9/63;Klinger, Friedrich Maximilian von;38656
9/64;Weller, Christian Ernst Friedrich;45701
9/65;Bertuch, Friedrich Johann Justin;43118
9/66;Boisserée, Johann Sulpiz Melchior Dominikus;43183
9/67;Schreibers, Karl Franz Anton von;45222
9/68;Büsching, Johann Gustav Gottlieb;43299
9/69;Schlosser, Johann Friedrich Heinrich;45154
9/70;Zahlhas, Johann Baptist von;42845
9/71;Bertuch, Friedrich Johann Justin;43118
9/72;Nees von Esenbeck, Christian Gottfried Daniel;44667
9/73;Sachsen-Weimar-Eisenach, Maria Paw­low­na Erbgroßherzogin von;40967
9/74;Sachsen-Weimar-Eisenach, Karl August Großherzog von;40962
9/75;Sachsen-Weimar-Eisenach, Karl August Großherzog von;40962
9/76;Sachsen-Weimar-Eisenach, Karl August Großherzog von;40962
9/77;Nicht ermittelt (? <zita>K. v. A.</zita>);66967
9/78;Meyer, Johann Heinrich;44570
9/79;Sachsen-Weimar-Eisenach, Karl August Großherzog von;40962
9/80;Müller, Friedrich Theodor Adam Heinrich von;44617
9/81;Dorow, Karl Friedrich Ferdinand Wilhelm;43499
9/82;Brühl, Karl Friedrich Moritz Paul Graf von;43274
9/83;Lavés, Louis Daniel Marie;39035
9/84;Frommann, Karl Friedrich Ernst;43691
9/85;Sachsen-Weimar-Eisenach, Karl August Großherzog von;40962
9/86;Weller, Christian Ernst Friedrich;45701
9/87;Wolzogen, Friederike Sophie Karoline Augusta von;45783
9/88;Sachsen-Weimar-Eisenach, Karl August Großherzog von;40962
9/89;Boisserée, Johann Sulpiz Melchior Dominikus;43183
9/90;Schweitzer, Christian Wilhelm;41464
9/91;Werneburg, Johann Friedrich Christian;42613
9/92;Henschel, Gebrüder;38006
9/93;Sachsen-Weimar-Eisenach, Karl August Großherzog von;40962
9/94;Voigt, Friedrich Siegmund;42352
9/95;Sachsen-Weimar-Eisenach, Karl August Großherzog von;40962
9/96;Bertuch, Friedrich Johann Justin;43118
9/97;Cramer, Christoph Ludwig Wilhelm;43388
9/98;Nees von Esenbeck, Christian Gottfried Daniel;44667
9/99;Preusker, Karl Benjamin;44828
9/100;Hufeland, Christoph Wilhelm;38278
9/101;Lenz, Johann Georg;39094
9/102;Luck, Friedrich Ludwig Wilhelm von;44455
9/103;Boisserée, Johann Sulpiz Melchior Dominikus;43183
9/104;Sachsen-Weimar-Eisenach, Karl August Großherzog von;40962
9/105;Houwald, Christoph Ernst von;44080
9/106;Müller, Friedrich Theodor Adam Heinrich von;44617
9/107;Sachsen-Weimar-Eisenach, Karl August Großherzog von;40962
9/108;Schlosser, Johann Friedrich Heinrich;45154
9/109;O'Donell von Tyrconell, Josephine Gräfin;40034
9/110;Ramann, Gebrüder (Unterzeichner: Johann Christoph Habermann);40507
9/110;Habermann, Johann Christoph (e. 1820);
9/111;Sachsen-Weimar-Eisenach, Karl August Großherzog von;40962
9/112;Knebel, Karl Ludwig von;44242
9/113;Sachsen-Weimar-Eisenach, Maria Paw­low­na Erbgroßherzogin von;40967
9/114;Sachsen-Weimar-Eisenach, Karl August Großherzog von;40962
9/115;Oldendorp, Christian Johann;40069
9/116;Werneburg, Johann Friedrich Christian;42613
9/117;Zelter, Karl Friedrich;42874
9/118;Boisserée, Johann Sulpiz Melchior Dominikus;43183
9/119;Keil, Johann Georg;44191
9/120;Lenz, Johann Georg;39094
9/121;Vulpius, Christian August;45631
9/122;Färber, Johann Michael Christoph;43600
9/123;Rennenkampff, Karl Jakob Alexander von;44923
9/124;Werneburg, Johann Friedrich Christian;42613
9/125;Preen, August Klaus von;44826
9/126;Rochlitz, Johann Friedrich;44950
9/127;Frege & Co.;46151
9/128;Gödör, Joseph von;37491
9/129;Hüttner, Johann Christian;38277
9/130;Sachsen-Weimar-Eisenach, Karl August Großherzog von;40962
9/131;Schlosser, Johann Friedrich Heinrich;45154
9/132;Schütz, Christian Georg;45239
9/133;Iken, Karl Jakob Ludwig;44118
9/134;Noehden, Georg Heinrich;39997
9/135;Carus, Karl Gustav;36285
9/136;Hopffgarten, Sophie Karoline von;44071
9/137;Hüttner, Johann Christian;38277
9/138;Kosegarten, Johann Gottfried Ludwig;38785
9/139;Nees von Esenbeck, Christian Gottfried Daniel;44667
9/140;Nees von Esenbeck, Christian Gottfried Daniel;44667
9/141;Zelter, Karl Friedrich;42874
9/142;Eichstädt, Heinrich Karl Abraham;36868
9/143;Lyncker, Karl Wilhelm Heinrich von;44473
9/144;Egloffstein, Julie Gräfin von und zu;46093
9/145;Goethe, August von;43780
9/146;Herrmann, August;46991
9/147;Goethe, August von;43780
9/148;Goethe, August von;43780
9/149;Linz, August;39191
9/150;Zeller, Johann Georg;42872
9/151;Vulpius, Christian August;45631
9/152;Müller, Johann Christian Ernst;44619
9/153;Goethe, August von;43780
9/154;Goethe, August von;43780
9/155;Krug von Nidda, Friedrich Ludwig Albrecht Franz;44324
9/156;Stimmel, Johann Gottlob;41803
9/157;Goethe, August von;43780
9/158;Boisserée, Johann Sulpiz Melchior Dominikus;43183
9/159;Vulpius, Christian August;45631
9/160;Lecerf, Justus Amadeus;39044
9/161;Goethe, August von;43780
9/162;Müller, Friedrich Theodor Adam Heinrich von;44617
9/163;Büchler, Johann Lambert;43289
9/164;Goethe, August von;43780
9/165;Rehbein, Wilhelm;40555
9/166;Wenke, Karl Wilhelm;50008
9/167;Goes, Karl Georg Friedrich;37510
9/168;Meyer, Johann Heinrich;44570
9/169;Beschorner, Anton;46902
9/170;Goethe, August von;43780
9/171;Schubarth, Karl Ernst;41353
9/172;Schubarth, Karl Ernst;41353
9/173;Meyer, Johann Heinrich;44570
9/174;Goethe, August von;43780
9/175;Willemer, Marianne von;45745
9/175;Willemer, Johann Jakob von;42695
9/176;Mohr, Johanna Maria Elisabeth;44589
9/177;Zelter, Karl Friedrich;42874
9/178;Goethe, August von;43780
9/179;Laspe, Christian Gottlob;38997
9/180;Schäffer, Jakob Christian Gottlieb von;41072
9/181;Iken, Karl Jakob Ludwig;44118
9/182;Rein, August Gotthilf;40593
9/183;Schreibers, Karl Franz Anton von;45222
9/184;Wilbrand, Johann Bernhard;50555
9/185;Gmelin, Wilhelm Friedrich;37476
9/186;Zelter, Karl Friedrich;42874
9/187;Kräuter, Friedrich Theodor David;44302
9/188;Reinhard, Karl Friedrich Graf;40609
9/189;Zelter, Karl Friedrich;42874
9/190;Ruckstuhl, Karl Joseph Heinrich;44988
9/191;Büchler, Johann Lambert;43289
9/192;Henschel, Gebrüder;38006
9/193;Sachsen-Weimar-Eisenach, Karl August Großherzog von;40962
9/194;Kräuter, Friedrich Theodor David;44302
9/195;Osann, Friedrich Gotthilf;44746
9/196;Goethe, August von;43780
9/197;Oerthel, Heerdegen & Co.;49319
9/198;Sachsen-Weimar-Eisenach, Karl August Großherzog von;40962
9/199;Sartorius, Georg Friedrich Christoph;45066
9/200;Goethe, August von;43780
9/201;Kräuter, Friedrich Theodor David;44302
9/202;Zelter, Karl Friedrich;42874
9/203;Meyer, Johann Heinrich;44570
9/204;Sachsen-Weimar-Eisenach, Karl August Großherzog von;40962
9/205;Sternberg, Kaspar Maria Graf von;49782
9/206;Spiegel von und zu Pickelsheim, Karl Emil;41664
9/207;Conta, Karl Friedrich Anton;43370
9/208;Müller, Friedrich Theodor Adam Heinrich von;44617
9/209;Goethe, Ottilie von;43782
9/210;Goethe, August von;43780
9/211;Goethe, August von;43780
9/212;Goethe, Ottilie von;43782
9/213;Kräuter, Friedrich Theodor David;44302
9/214;Meyer, Johann Heinrich;44570
9/215;Zelter, Karl Friedrich;42874
9/216;Brockhaus, Friedrich Arnold;36076
9/217;Goethe, August von;43780
9/218;Raabe, Karl Joseph;44856
9/219;Vulpius, Christian August;45631
9/220;Vulpius, Christian August;45631
9/221;Lechner, Johann Leonhard Sixtus;39046
9/222;Grüner, Joseph Sebastian;37671
9/223;Goethe, August von;43780
9/224;Goethe, Ottilie von;43782
9/225;Meyer, Johann Heinrich;44570
9/226;Meyer, Johann Heinrich;44570
9/227;Vulpius, Christian August;45631
9/228;Zelter, Karl Friedrich;42874
9/229;Aschendorff, Hermann Jakob Ernst;43012
9/230;Knebel, Karl Ludwig von;44242
9/231;Kräuter, Friedrich Theodor David;44302
9/232;Döbereiner, Johann Wolfgang;36694
9/233;Kräuter, Friedrich Theodor David;44302
9/234;Goethe, August von;43780
9/235;Müller, Franz Heinrich;44615
9/236;Vulpius, Christian August;45631
9/237;Zelter, Karl Friedrich;42874
9/238;Sachsen-Weimar-Eisenach, Karl August Großherzog von;40962
9/239;Schlosser, Johann Friedrich Heinrich;45154
9/240;Goethe, August von;43780
9/241;Goethe, Ottilie von;43782
9/242;Henschel, August Wilhelm Eduard Theodor;49780
9/243;Kräuter, Friedrich Theodor David;44302
9/244;Krampitz, Friedrich Wilhelm;50945
9/245;Meyer, Johann Heinrich;44570
9/246;Vulpius, Christian August;45631
9/247;Wölfel, Gottlieb Karl Georg;45765
9/248;Hagen, Ernst August;50165
9/249;Vulpius, Christian August;45631
9/250;Cotta, Johann Friedrich von;36466
9/251;Meyer, Johann Heinrich;44570
9/252;Weimar, Geographisches Institut;42546
9/253;Sondershausen, Karl Christian;22147
9/254;Werneburg, Johann Friedrich Christian;42613
9/255;Gerning, Johann Isaak von;37402
9/256;Goethe, August von;43780
9/257;Rehbein, Wilhelm;40555
9/258;Goethe, August von;43780
9/259;Kräuter, Friedrich Theodor David;44302
9/260;Müller, Friedrich Theodor Adam Heinrich von;44617
9/261;Nees von Esenbeck, Christian Gottfried Daniel;44667
9/262;Tomaschek, Wenzel Johann;50791
9/263;Goethe, August von;43780
9/264;Pansner, Johann Heinrich Lorenz von;44762
9/265;Boisserée, Johann Sulpiz Melchior Dominikus;43183
9/266;Heyer und Leske;50225
9/267;Kräuter, Friedrich Theodor David;44302
9/268;Nicolovius, Georg Heinrich Ludwig;44682
9/269;Goethe, August von;43780
9/270;Müller, Friedrich Theodor Adam Heinrich von;44617
9/271;Rocca, Rocco;51711
9/272;Goethe, Ottilie von;43782
9/273;Hüttner, Johann Christian;38277
9/274;Kräuter, Friedrich Theodor David;44302
9/275;Meyer, Johann Heinrich;44570
9/276;Frommann, Karl Friedrich Ernst;43691
9/277;Oerthel, Heerdegen & Co.;49319
9/278;Schlosser, Johann Friedrich Heinrich;45154
9/279;Weigel, Ernst August;53424
9/280;Weigel, Johann August Gottlob;42533
9/281;Egloffstein, Karoline Gräfin von und zu;46094
9/282;Goethe, August von;43780
9/283;Meyer, Johann Heinrich;44570
9/284;Nicolovius, Georg Heinrich Ludwig;44682
9/285;Ramann, Gebrüder (Unterzeichner: Gottfried Zechbauer);40507
9/285;Zechbauer, Johann ^#s+Gottfried^#s- (1792-nach 1833);47243
9/286;Döbereiner, Johann Wolfgang;36694
9/287;Döbereiner, Johann Wolfgang;36694
9/288;O'Donell von Tyrconell, Josephine Gräfin;40034
9/289;Helvig, Anna Amalia von;43958
9/290;Goethe, August von;43780
9/291;Kräuter, Friedrich Theodor David;44302
9/292;Meyer, Johann Heinrich;44570
9/293;Goethe, August von;43780
9/294;Meyer, Johann Heinrich;44570
9/295;Sachsen-Weimar-Eisenach, Karl August Großherzog von;40962
9/296;Cnopf, Johann Konrad (Handels- und Bankhaus);49420
9/297;Goethe, August von;43780
9/298;Hopffgarten, Sophie Karoline von;44071
9/299;Meyer, Johann Heinrich;44570
9/300;Leonhard, Karl Cäsar von;39103
9/301;Döbereiner, Johann Wolfgang;36694
9/302;Zelter, Karl Friedrich;42874
9/303;Kräuter, Friedrich Theodor David;44302
9/304;Meyer, Johann Heinrich;44570
9/305;Goethe, Ottilie von;43782
9/306;Cuno, Heinrich;36518
9/307;Schubarth, Karl Ernst;41353
9/308;Frege & Co.;46151
9/309;Goethe, August von;43780
9/310;Kräuter, Friedrich Theodor David;44302
9/311;Schubarth, Karl Ernst;41353
9/312;Varnhagen von Ense, Karl August;45583
9/313;Felix, Gebrüder;37035
9/314;Meyer, Johann Gottlieb (Mineralwasserhandlung);47081
9/315;Goethe, August von;43780
9/316;Grüner, Joseph Sebastian;37671
9/317;Kräuter, Friedrich Theodor David;44302
9/318;Mellish, Joseph Charles;39542
9/319;Meyer, Johann Heinrich;44570
9/320;Zelter, Karl Friedrich;42874
9/321;Carus, Karl Gustav;36285
9/322;Hermann, Johann Gottfried Jakob;43991
9/323;Sachsen-Weimar-Eisenach, Karl August Großherzog von;40962
9/324;Döbereiner, Johann Wolfgang;36694
9/325;Asschenfeldt, Christoph Karl Julius;43013
9/326;Bohte, Johann Heinrich;35901
9/327;Goethe, August von;43780
9/328;Köhler, Heinrich Karl Ernst von;38720
9/329;Kräuter, Friedrich Theodor David;44302
9/330;Meyer, Johann Heinrich;44570
9/331;Vulpius, Christian August;45631
9/332;Gödör, Joseph von;37491
9/333;Hüttner, Johann Christian;38277
9/334;Münchow, Karl Dietrich von;39876
9/335;Barth, Johann Ambrosius (Verlagsbuchhandlung);35478
9/336;Goethe, August von;43780
9/337;Goethe, August von;43780
9/338;Hopffgarten, Sophie Karoline von;44071
9/339;Kräuter, Friedrich Theodor David;44302
9/340;Meyer, Johann Heinrich;44570
9/341;Schultz, Christoph Ludwig Friedrich;41393
9/342;Noehden, Georg Heinrich;39997
9/343;Heidler, Karl Joseph;43947
9/344;Goethe, August von;43780
9/345;Kräuter, Friedrich Theodor David;44302
9/346;Meyer, Johann Heinrich;44570
9/347;Schopenhauer, Adele;45215
9/348;Vulpius, Christian August;45631
9/349;Rengersche Buchhandlung;46589
9/350;Vulpius, Christian August;45631
9/351;Goethe, August von;43780
9/352;Kräuter, Friedrich Theodor David;44302
9/353;Meyer, Johann Heinrich;44570
9/354;Schultz, Christoph Ludwig Friedrich;41393
9/355;Goethe, August von;43780
9/356;Kräuter, Friedrich Theodor David;44302
9/357;Reinhard, Sophie Karoline Friederike Petronella;40613
9/358;Wilbrand, Johann Bernhard;50555
9/359;Conta, Karl Friedrich Anton;43370
9/360;Hopffgarten, Karoline Rosine Gräfin von;44069
9/361;Kräuter, Friedrich Theodor David;44302
9/362;Meyer, Johann Heinrich;44570
9/363;Schultz, Christoph Ludwig Friedrich;41393
9/364;Schultz, Christoph Ludwig Friedrich;41393
9/365;Goethe, Ottilie von;43782
9/366;Schwabe, Johann Friedrich Heinrich;45264
9/367;Zelter, Karl Friedrich;42874
9/368;Boosey & Sons;35931
9/369;Bran, Friedrich Alexander;43213
9/370;Goethe, August von;43780
9/371;Kräuter, Friedrich Theodor David;44302
9/372;Meyer, Johann Heinrich;44570
9/373;Schlosser, Johann Friedrich Heinrich;45154
9/374;Büchler, Johann Lambert;43289
9/375;Brockhaus, Friedrich Arnold;36076
9/376;Hüttner, Johann Christian;38277
9/377;Meyer, Randolph;39649
9/378;Conta, Karl Friedrich Anton;43370
9/379;Boisserée, Johann Sulpiz Melchior Dominikus;43183
9/380;Wetterstrand, Bernhard Gottlieb;45722
9/381;Conta, Karl Friedrich Anton;43370
9/382;Eichstädt, Heinrich Karl Abraham;36868
9/383;Laudenbach, Johann Friedrich Ludwig;52105
9/384;Melber, Johanna Maria;44537
9/385;Nees von Esenbeck, Christian Gottfried Daniel;44667
9/386;Nees von Esenbeck, Christian Gottfried Daniel;44667
9/387;Paar, Johann Baptist Graf von und Anton Franz Prokesch;
9/387;Prokesch, Anton Franz;50746
9/388;Sachsen-Gotha und Altenburg, August Herzog von;45031
9/389;Dannecker, Johann Heinrich von;36555
9/390;Kirchner, Anton, Georg Kloß und Georg Neuburg;
9/390;Kloß, Johann ^#s+Georg^#s- Burkhard Franz (1787-1854);44235
9/390;Neuburg, Johann ^#s+Georg^#s- (1795-1866);44674
9/391;Boisserée, Johann Sulpiz Melchior Dominikus;43183
9/392;Conta, Karl Friedrich Anton;43370
9/393;Döring, Johann Michael Heinrich;43491
9/394;Färber, Dorothea Johanne Marie;43598
9/395;Gries, Johann Diederich;43824
9/396;? Hand, Ferdinand Gotthelf;43913
9/397;Jena, Sozietät für die gesamte Mineralogie (Unterzeichner: Johann Friedrich Heinrich Schwabe);63646
9/397;Schwabe, Johann Friedrich Heinrich;45264
9/398;Jena, Universität;38404
9/399;Jena, Universität;38404
9/400;Knebel, Karl Bernhard Maximilian von;44241
9/401;Mejer, Johann Wilhelm;44533
9/402;Nicht ermittelt;66968
9/403;Nicht ermittelt;66969
9/404;Preen, August Klaus von;44826
9/405;Riemer, Friedrich Wilhelm;40714
9/406;Sylvestre, Espérance;41919
9/407;Hopffgarten, Sophie Karoline von;44071
9/408;Lehne, Johann Friedrich Franz;44368
9/409;Goethe, August von;43780
9/410;Goethe, August von;43780
9/411;Willemer, Marianne von;45745
9/412;Mellish, Joseph Charles;39542
9/413;Schubarth, Karl Ernst;41353
9/414;Vollrath, Karl;51645
9/415;Vollrath, Karl;51645
9/416;Edinburgh, Wernerian Natural History Society (Unterzeichner: Robert Jameson);61890
9/416;Jameson, Robert;50790
9/417;Raupach, Karl Eduard;49485
9/418;Goethe, August von;43780
9/419;Kräuter, Friedrich Theodor David;44302
9/420;Meyer, Johann Heinrich;44570
9/421;Peucer, Heinrich Karl Friedrich;44793
9/422;Heidler, Karl Joseph;43947
9/423;Conta, Karl Friedrich Anton;43370
9/424;Seyffarth, Johann Wilhelm;51032
9/425;Goethe, August von;43780
9/426;Kräuter, Friedrich Theodor David;44302
9/427;Meyer, Johann Heinrich;44570
9/428;Schreibers, Karl Franz Anton von;45222
9/429;Schreibers, Karl Franz Anton von;45222
9/430;Conta, Karl Friedrich Anton;43370
9/431;Cotta, Johann Friedrich von;36466
9/432;Knebel, Karl Ludwig von;44242
9/433;Umbreit, Friedrich Wilhelm Karl;42192
9/434;Blomberg, Wilhelm Karl Georg von;43160
9/435;Goethe, August von;43780
9/436;Kräuter, Friedrich Theodor David;44302
9/437;Schubarth, Karl Ernst;41353
9/438;Conta, Karl Friedrich Anton;43370
9/439;Goethe, August von;43780
9/440;Sachsen-Weimar-Eisenach, Karl August Großherzog von;40962
9/441;Schopenhauer, Adele;45215
9/442;Ziegesar, Luise Amalie Friederike Auguste von;45830
9/443;Goethe, August von;43780
9/444;Schultz, Christoph Ludwig Friedrich;41393
9/445;Weigel, Johann August Gottlob;42533
9/446;Reisig, Christian Karl;44917
9/447;Schinkel, Karl Friedrich;41156
9/448;Bergius, Auguste Emilie Charlotte;43103
9/449;Goethe, August von;43780
9/450;Meyer, Johann Heinrich;44570
9/451;Döbereiner, Johann Wolfgang;36694
9/452;Kräuter, Friedrich Theodor David;44302
9/453;Eckhardt, Emilie Henriette Rosamunde Karoline Friederike Luise;43767
9/454;Goethe, August von;43780
9/455;Meyer, Johann Gottlieb (Mineralwasserhandlung);47081
9/456;Sachsen-Weimar-Eisenach, Karl August Großherzog von;40962
9/457;Schultz, Christoph Ludwig Friedrich;41393
9/458;Rochlitz, Johann Friedrich;44950
9/459;Conta, Karl Friedrich Anton;43370
9/460;Goethe, August von;43780
9/461;Meyer, Johann Heinrich;44570
9/462;Müller, Friedrich Theodor Adam Heinrich von;44617
9/463;Rehbein, Wilhelm;40555
9/464;Hopffgarten, Sophie Karoline von;44071
9/465;Schinkel, Karl Friedrich;41156
9/466;Frommann, Karl Friedrich Ernst;43691
9/467;Lyncker, Karl Wilhelm Heinrich von;44473
9/468;Boisserée, Johann Sulpiz Melchior Dominikus;43183
9/469;Sachsen-Weimar-Eisenach, Karl August Großherzog von;40962
9/470;Cuno, Heinrich;36518
9/471;Frege & Co.;46151
9/472;Goethe, August von;43780
9/473;Grosse, Karl Friedrich August;43847
9/474;Kräuter, Friedrich Theodor David;44302
9/475;Meyer, Johann Heinrich;44570
9/476;Schultz, Christoph Ludwig Friedrich;41393
9/477;Meyer, Johann Heinrich;44570
9/478;Hüttner, Johann Christian;38277
9/479;Lechner, Johann Leonhard Sixtus;39046
9/480;Schopenhauer, Adele;45215
9/481;Conta, Karl Friedrich Anton;43370
9/482;Meyer, Johann Heinrich;44570
9/483;Sachsen-Weimar-Eisenach, Karl August Großherzog von;40962
9/484;Döbereiner, Johann Wolfgang;36694
9/485;Mohr, Johanna Maria Elisabeth;44589
9/486;Goethe, August von;43780
9/487;Kräuter, Friedrich Theodor David;44302
9/488;Meyer, Klemens August;44573
9/489;Goethe, August von;43780
9/490;Sachsen-Weimar-Eisenach, Karl August Großherzog von;40962
9/491;Benckher, Maria Elisabeth;46898
9/492;Goethe, August von;43780
9/493;Reinhard, Karl Friedrich Graf;40609
9/494;Richter, Gustav;51631
9/495;Goethe, August von;43780
9/496;Mazelet, Jeanne Marie Jaqueline Antoinette;39495
9/497;Breitkopf & Härtel;36045
9/498;Sachsen-Weimar-Eisenach, Maria Paw­low­na Erbgroßherzogin von;40967
9/499;Conta, Karl Friedrich Anton;43370
9/500;Goethe, August von;43780
9/501;Hopffgarten, Sophie Karoline von;44071
9/502;Sachsen-Weimar-Eisenach, Karl August Großherzog von;40962
9/503;Vulpius, Christian August;45631
9/504;Iken, Karl Jakob Ludwig;44118
9/505;Voigt, Friedrich Siegmund;42352
9/506;Ziegesar, Anton von;42892
9/507;Knebel, Karl Ludwig von;44242
9/508;Goethe, August von;43780
9/509;Goethe, Ottilie von;43782
9/510;Knebel, Karl Ludwig von;44242
9/511;Knebel, Karl Ludwig von;44242
9/512;Meyer, Johann Heinrich;44570
9/513;Byron, George Gordon;36218
9/514;Rhesa, Ludwig Jedemin;49970
9/515;Weigel, Johann August Gottlob;42533
9/516;Both, Karl Friedrich von;35960
9/517;Hermann, Johann Gottfried Jakob;43991
9/518;Reinhard, Karl Friedrich Graf;40609
9/519;Cramer, Christoph Ludwig Wilhelm;43388
9/520;Schubarth, Karl Ernst;41353
9/521;Wetterstrand, Bernhard Gottlieb;45722
9/522;Böhringer, August;35868
9/523;Zelter, Karl Friedrich;42874
9/524;Bergius, Auguste Emilie Charlotte;43103
9/525;Goethe, August von;43780
9/526;Rochlitz, Johann Friedrich;44950
9/527;Werneburg, Johann Friedrich Christian;42613
9/528;Zelter, Karl Friedrich;42874
9/529;Conta, Karl Friedrich Anton;43370
9/530;Goethe, August von;43780
9/531;Grüner, Joseph Sebastian;37671
9/532;Voigt, Johann Heinrich;42359
9/533;Vulpius, Christian August;45631
9/534;Weigel, Johann August Gottlob;42533
9/535;Nicolovius, Georg Heinrich Franz;44681
9/536;Stieglitz, Christian Ludwig;41795
9/537;Döbereiner, Johann Wolfgang;36694
9/538;Hüttner, Johann Christian;38277
9/539;Goethe, August von;43780
9/540;Vulpius, Christian August;45631
9/541;Cotta, Johann Friedrich von;36466
9/542;Goethe, August von;43780
9/543;Goethe, Ottilie von;43782
9/544;Kräuter, Friedrich Theodor David;44302
9/545;Potsdam, Deputation der Märkischen Ökonomischen Gesellschaft zu (Unterzeichner: Gustav von Brenn, Friedrich Ludwig Augustin, Ludwig Albrecht Bosselmann, Elias Daniel Hitzig, Karl Christian Horvath, Karl Jahn, Karl Friedrich Klöden, Isaak Lehweß, Samuel Friedrich Polchow, Heinrich Karl Philipp Schmidt, Karl Emanuel Schroeder, Johann Gottlob Schulze, Johann Karl Ludwig Schulze, Wilhelm Sello und Wilhelm von Türk);40417
9/545;Brenn, ^#s+Gustav^#s- Adolf Ewald von (1772-1838);43244
9/545;Augustin, Friedrich Ludwig (1776-1854);35383
9/545;Bosselmann, Christian ^#s+Ludwig^#s- ^#s+Albrecht^#s- (1763-1831);45979
9/545;Hitzig, Elias Daniel (bis 1808: Itzig) (1755-1818);38135
9/545;Horvath, Karl Christian (1752-1837);38240
9/545;Jahn, ^#s+Karl^#s- Johann Gottlieb August (gest. nach 1836);47008
9/545;Klöden, Karl Friedrich (seit: 1853:) von (1786-1856);38663
9/545;Lehweß (Lehwes), Isaak ( (1758-1836);47048
9/545;Polchow, Samuel Friedrich (um 1761-1826);47113
9/545;Schmidt, Heinrich Karl Philipp (gest. 1861);47157
9/545;Schroeder, Karl Emanuel (1754-1832);41337
9/545;Schulze, Johann Gottlob (1755-1834);41408
9/545;Schulze, Johann Karl Ludwig (um 1786-1826);47171
9/545;Sello, Johann Wilhelm (1753/56-1822);41519
9/545;Türk, Karl Christian ^#s+Wilhelm^#s- von (1774-1846);45555
9/546;Gräve, Heinrich Gottlob;43811
9/547;Sauerländer, Johann David;50457
9/548;Nees von Esenbeck, Christian Gottfried Daniel;44667
9/549;Benckher, Maria Elisabeth;46898
9/550;Gödör, Joseph von;37491
9/551;Büchler, Johann Lambert;43289
9/552;Milarch, August Alexander Ferdinand;44581
9/553;Schinkel, Karl Friedrich;41156
9/554;Heß, David;50519
9/555;Alton, Eduard Joseph d';42969
9/556;Frommann, Karl Friedrich Ernst;43691
9/557;Blumenthal, Adolf Oswald;46913
9/558;Schultz, Christoph Ludwig Friedrich;41393
9/559;Iken, Karl Jakob Ludwig;44118
9/560;Knebel, Karl Ludwig von;44242
9/561;Färber, Johann Michael Christoph;43600
9/562;Sachsen-Weimar-Eisenach, Karl August Großherzog von;40962
9/563;Grosse, Karl Friedrich August;43847
9/564;Beulwitz, Heinrich Emil Friedrich August von ;43131
9/565;Compter, Johann David Gottlob;36431
9/566;Conta, Karl Friedrich Anton;43370
9/567;Schubarth, Karl Ernst;41353
9/568;Kannegießer, Karl Friedrich Ludwig;44180
9/569;Helbig, Karl Emil;37957
9/570;Lenz, Johann Georg;39094
9/571;Sachsen-Weimar-Eisenach, Karl August Großherzog von;40962
9/572;Zelter, Karl Friedrich;42874
9/573;Schubarth, Karl Ernst;41353
9/574;Sternberg, Kaspar Maria Graf von;49782
9/575;Küchelbecker, Wilhelm Karlowitsch;51179
9/576;Müller, Johann Ludwig Wilhelm;44623
9/577;Döbereiner, Johann Wolfgang;36694
9/578;Döbereiner, Johann Wolfgang;36694
9/579;Conta, Karl Friedrich Anton;43370
9/580;Conta, Karl Friedrich Anton;43370
9/581;Knebel, Karl Ludwig von;44242
9/582;Rochlitz, Johann Friedrich;44950
9/583;Schubarth, Karl Ernst;41353
9/584;Arnim, Achim von;43002
9/585;Sachsen-Weimar-Eisenach, Karl August Großherzog von;40962
9/586;Gerhard, Christoph Wilhelm Leonhard;43727
9/587;Riemer, Friedrich Wilhelm;40714
9/588;Cramer, Christoph Ludwig Wilhelm;43388
9/589;Sachsen-Weimar-Eisenach, Karl August Großherzog von;40962
9/590;Weller, Christian Ernst Friedrich;45701
9/591;Blumenbach, Johann Friedrich;35825
9/592;Färber, Johann Michael Christoph;43600
9/593;Frommann, Karl Friedrich Ernst;43691
9/594;Schweitzer, Christian Wilhelm;41464
9/595;Zeller, Johann Georg;42872
9/596;Conta, Karl Friedrich Anton;43370
9/597;Kosegarten, Johann Gottfried Ludwig;38785
9/598;Döbereiner, Johann Wolfgang;36694
9/599;Mohr, Johanna Maria Elisabeth;44589
9/600;Alton, Eduard Joseph d';42969
9/601;Gerhard, Christoph Wilhelm Leonhard;43727
9/602;Egidy, Heinrich August von;43532
9/603;Hüttner, Johann Christian;38277
9/604;Knoll, David Sebastian;51053
9/605;Schlosser, Johann Friedrich Heinrich;45154
9/606;Seeger, Johann Georg Christian;51677
9/607;Sternberg, Kaspar Maria Graf von;49782
9/608;Posselt, Johannes Friedrich;40411
9/609;Leonhard, Karl Cäsar von;39103
9/610;Willemer, Marianne von;45745
9/611;Sachsen-Weimar-Eisenach, Karl August Großherzog von;40962
9/612;Kölle, Christoph Friedrich Karl;44253
9/613;Röhr, Johann Friedrich;40778
9/614;Sachsen-Weimar-Eisenach, Karl August Großherzog von;40962
9/615;Sachsen-Weimar-Eisenach, Karl August Großherzog von;40962
9/616;Knebel, Karl Ludwig von;44242
9/617;Boisserée, Johann Sulpiz Melchior Dominikus;43183
9/618;Conta, Karl Friedrich Anton;43370
9/619;Frommann, Karl Friedrich Ernst;43691
9/620;Both, Karl Friedrich von;35960
9/621;Iken, Karl Jakob Ludwig;44118
9/622;Dawe, Mary Margaret;36587
9/623;Sachsen-Weimar-Eisenach, Karl August Großherzog von;40962
9/624;Willemer, Johann Jakob von;42695
9/625;Knebel, Karl Ludwig von;44242
9/626;Schlosser, Johann Friedrich Heinrich;45154
9/627;Willemer, Marianne von;45745
9/628;Boisserée, Johann Sulpiz Melchior Dominikus;43183
9/629;Schwabe, Christian Wilhelm Lorenz;41423
9/630;Lenz, Johann Georg;39094
9/631;Schultz, Christoph Ludwig Friedrich;41393
9/632;Spiegel von und zu Pickelsheim, Wilhelmine Emilie;45363
9/633;Bergius, Auguste Emilie Charlotte;43103
9/634;Hopffgarten, Sophie Karoline von;44071
9/635;Sachsen-Weimar-Eisenach, Karl August Großherzog von;40962
9/636;Wenzel, Johann Friedrich;52048
9/637;Werneburg, Johann Friedrich Christian;42613
9/638;Sachsen-Weimar-Eisenach, Luise Augusta Großherzogin von;45046
9/639;Lieber, Karl Wilhelm;44394
9/640;Meyer, Johann Heinrich;44570
9/641;Meyer, Johann Heinrich;44570
9/642;Seebeck, Thomas Johann;45316
9/643;Schubarth, Karl Ernst;41353
9/644;Förster, Friedrich Christoph;43651
9/645;Nees von Esenbeck, Christian Gottfried Daniel;44667
9/646;Preen, August Klaus von;44826
9/647;Weller, Christian Ernst Friedrich;45701
9/648;Krug von Nidda, Friedrich Ludwig Albrecht Franz;44324
9/649;Artaria & Fontaine;35360
9/650;Schlosser, Johann Friedrich Heinrich;45154
9/651;Wangenheim, Karl August von;45661
9/652;Blumenbach, Johann Friedrich;35825
9/653;Lenz, Johann Georg;39094
9/654;Schmeißer, Johann August ;51866
9/655;Hoff, Karl Ernst Adolf von;44053
9/656;Schlözer, Karl von;49215
9/657;Schweitzer, Christian Wilhelm;41464
9/658;Zelter, Karl Friedrich;42874
9/659;Blumenbach, Johann Friedrich;35825
9/660;Boisserée, Johann Sulpiz Melchior Dominikus;43183
9/661;Wesselhöft, Johann Karl;42632
9/662;Sachsen-Weimar-Eisenach, Karl August Großherzog von;40962
9/663;Lenz, Johann Georg;39094
9/664;Sachsen-Weimar-Eisenach, Karl August Großherzog von;40962
9/665;Hopffgarten, Karoline Rosine Gräfin von;44069
9/666;Sachsen-Weimar-Eisenach, Karl August Großherzog von;40962
9/667;Schubarth, Karl Ernst;41353
9/668;Gräve, Heinrich Gottlob;43811
9/669;Sachsen-Weimar-Eisenach, Karl August Großherzog von;40962
9/670;Sachsen-Weimar-Eisenach, Karl August Großherzog von;40962
9/671;Sachsen-Weimar-Eisenach, Karl August Großherzog von;40962
9/672;Weigel, Johann August Gottlob;42533
9/673;Manzoni, Alessandro Francesco Tommaso;50511
9/674;Sachsen-Weimar-Eisenach, Karl August Großherzog von;40962
9/675;Cattaneo, Gaetano;36305
9/676;Heß, David;50519
9/677;Sachsen-Weimar-Eisenach, Karl August Großherzog von;40962
9/678;Knebel, Karl Ludwig von;44242
9/679;Sachsen-Weimar-Eisenach, Karl August Großherzog von;40962
9/680;Grosse, Karl Friedrich August;43847
9/681;Cramer, Christoph Ludwig Wilhelm;43388
9/682;Nees von Esenbeck, Christian Gottfried Daniel;44667
9/683;Sachsen-Weimar-Eisenach, Karl August Großherzog von;40962
9/684;Sachsen-Weimar-Eisenach, Karl August Großherzog von;40962
9/685;Rochlitz, Johann Friedrich;44950
9/686;Nicolovius, Georg Heinrich Ludwig;44682
9/687;Müglich, Johann Karl August Gregor;51346
9/688;Kosegarten, Johann Gottfried Ludwig;38785
9/689;Könneritz, Hans Heinrich von;44258
9/690;Meyer, Johann Heinrich;44570
9/691;Große, Johann Ernst Christian Ludwig;43846
9/692;Große, Johann Ernst Christian Ludwig;43846
9/693;Sachsen-Weimar-Eisenach, Karl August Großherzog von;40962
9/694;Reinhard, Karl Friedrich Graf;40609
9/695;Bertuch, Friedrich Johann Justin;43118
9/696;Knebel, Karl Ludwig von;44242
9/697;Bartholomäi, Karl Heinrich Friedrich;43046
9/698;Kruse, Friedrich Karl Hermann;50888
9/699;Knebel, Karl Ludwig von;44242
9/700;Knebel, Karl Ludwig von;44242
9/701;Lenz, Johann Georg;39094
9/702;Walter, Friedrich August;42462
9/703;Hüttner, Johann Christian;38277
9/704;Rossetti, Domenico von;50612
9/705;Hegel, Georg Wilhelm Friedrich;37929
9/706;Zelter, Karl Friedrich;42874
9/707;Bouginé, Karl Friedrich;35967
9/708;Knebel, Karl Ludwig von;44242
9/709;Knebel, Karl Ludwig von;44242
9/710;Stein, Charlotte Albertine Ernestine von;45394
9/711;Tischbein, Johann Heinrich Wilhelm;45522
9/712;Gaal, Georg von;50420
9/713;Freyberg-Eisenberg, Maximilian Prokop von;43673
9/714;Bethmann-Hollweg, Susanne Elisabeth;35729
9/715;Leonhard, Karl Cäsar von;39103
9/716;Meyer, Johann Heinrich;44570
9/717;Knebel, Karl Ludwig von;44242
9/718;Brentano, Johanna Antonia Josepha;43252
9/719;Knebel, Karl Ludwig von;44242
9/720;Regensburg, Bayerische Botanische Gesellschaft in (Unterzeichner: David Heinrich Hoppe und Christian Heinrich Oppermann);51142
9/720;Hoppe, David Heinrich;38223
9/720;Oppermann, Christian Heinrich;49327
9/721;Kosegarten, Johann Gottfried Ludwig;38785
9/722;Neuburg, Johann Georg;39955
9/723;Breitkopf & Härtel;36045
9/724;Pictet, Amédée Pierre Jules;51418
9/725;Böhringer, August;35868
9/726;Schultz, Christoph Ludwig Friedrich;41393
9/727;Knebel, Karl Ludwig von;44242
9/728;Zauper, Joseph Stanislaus;50158
9/729;Bartholomäi, Karl Heinrich Friedrich;43046
9/730;Knoll, David Sebastian;51053
9/731;Frommann, Karl Friedrich Ernst;43691
9/732;Knebel, Karl Ludwig von;44242
9/733;Weller, Christian Ernst Friedrich;45701
9/734;Büchler, Johann Lambert;43289
9/735;Färber, Dorothea Johanne Marie;43598
9/736;Knebel, Karl Ludwig von;44242
9/737;Lupin, Friedrich von;39311
9/738;Sachsen-Weimar-Eisenach, Karl August Großherzog von;40962
9/739;Dorow, Karl Friedrich Ferdinand Wilhelm;43499
9/740;Sachsen-Weimar-Eisenach, Karl August Großherzog von;40962
9/741;Perthes, Friedrich Christoph;44788
9/742;Robinson, Henry Crabb;40757
9/743;Kosegarten, Johann Gottfried Ludwig;38785
9/744;Weller, Christian Ernst Friedrich;45701
9/745;Heidler, Karl Joseph;43947
9/746;Nagler, Karl Ferdinand Friedrich;39910
9/747;Knebel, Karl Ludwig von;44242
9/748;Weller, Christian Ernst Friedrich;45701
9/749;Frommann & Wesselhöft;46157
9/750;Platen, August Graf von;40355
9/751;Reinhard, Karl Friedrich Graf;40609
9/752;Rhode, Johann Gottlieb;40683
9/753;Klein, Karl Friedrich;38620
9/754;Riemer, Friedrich Wilhelm;40714
9/755;Boisserée, Johann Sulpiz Melchior Dominikus;43183
9/756;Willemer, Marianne von;45745
9/757;Eichstädt, Heinrich Karl Abraham;36868
9/758;Schlosser, Johann Friedrich Heinrich;45154
9/759;Schlosser, Johann Friedrich Heinrich;45154
9/760;Frommann, Johanna Charlotte;43690
9/761;Humboldt, Alexander von;44096
9/762;Marienbad, Brunneninspektion in (Unterzeichner: Wendelin Gradl);63820
9/762;Gradl (Gradel), Johann ^#s+Wendelin^#s- (1788-1825);37583
9/763;Sachsen-Weimar-Eisenach, Karl August Großherzog von;40962
9/764;Schlosser, Sophie Johanna;45165
9/765;Brockmüller, Johann Joachim Daniel;36079
9/766;Sachsen-Weimar-Eisenach, Karl August Großherzog von;40962
9/767;Zauper, Joseph Stanislaus;50158
9/768;Boisserée, Johann Sulpiz Melchior Dominikus;43183
9/769;Riemer, Friedrich Wilhelm;40714
9/770;Brühl, Karl Friedrich Moritz Paul Graf von;43274
9/771;Caspers, Franziska Johanna;43337
9/772;Sachsen-Weimar-Eisenach, Karl August Großherzog von;40962
9/773;Mosengeil, Friedrich;39789
9/774;Sachsen-Weimar-Eisenach, Karl August Großherzog von;40962
9/775;Richter, Gustav;51631
9/776;Voigt, Friedrich Siegmund;42352
9/777;Keferstein, Christian;51001
9/778;Mylius, Heinrich;39901
9/779;Raabe, Karl Joseph;44856
9/780;Wiebeking, Karl Friedrich von;42667
9/781;Zelter, Karl Friedrich;42874
9/782;Cramers Erben, Andreas;49265
9/783;Cramers Erben, Andreas;49265
9/784;Kaufmann, Johann Heinrich;50983
9/785;Knebel, Karl Ludwig von;44242
9/786;Schiller, Luise Antoinette Charlotte von;45127
9/787;Cattaneo, Gaetano;36305
9/788;Frommann, Karl Friedrich Ernst;43691
9/789;Frommann, Johanna Charlotte;43690
9/790;Brühl, Karl Friedrich Moritz Paul Graf von;43274
9/791;Brühl, Karl Friedrich Moritz Paul Graf von;43274
9/792;Boisserée, Johann Sulpiz Melchior Dominikus;43183
9/793;Frommann, Karl Friedrich Ernst;43691
9/794;Weigel, Johann August Gottlob;42533
9/795;Willemer, Marianne von;45745
9/796;Frege & Co.;46151
9/797;Brühl, Karl Friedrich Moritz Paul Graf von;43274
9/798;Kind, Karl Theodor;51006
9/799;Voß, Johann Heinrich (d. J.);45625
9/800;Zelter, Karl Friedrich;42874
9/801;Bredt, Otto Albert;45989
9/802;Dorow, Karl Friedrich Ferdinand Wilhelm;43499
9/803;Knoll, David Sebastian;51053
9/804;Wesselhöft, Johann Karl;42632
9/805;Sachsen-Weimar-Eisenach, Karl August Großherzog von;40962
9/806;Tischbein, Johann Heinrich Wilhelm;45522
9/807;Humboldt, Wilhelm von;44093
9/808;Gall, Franz Alois;50409
9/809;Gries, Johann Diederich;43824
9/810;Schlosser, Johann Friedrich Heinrich;45154
9/811;Schubarth, Karl Ernst;41353
9/812;Sachsen-Weimar-Eisenach, Karl Friedrich Erbgroßherzog von;40966
9/813;Immermann, Karl Leberecht;49411
9/814;Sachsen-Weimar-Eisenach, Karl August Großherzog von;40962
9/815;Sachsen-Weimar-Eisenach, Maria Paw­low­na Erbgroßherzogin von;40967
9/816;Biedenfeld, Ferdinand Leopold Karl von;43142
9/817;Färber, Johann Michael Christoph;43600
9/818;Milarch, August Alexander Ferdinand;44581
9/819;Wesselhöft, Johann Karl;42632
9/820;Voigt, Johann Heinrich;42359
9/821;Voigt, Friedrich Siegmund;42352
9/822;Meyer, Johann Heinrich;44570
9/823;Schweitzer, Christian Wilhelm;41464
9/824;Willemer, Johann Jakob von;42695
9/825;Fritsch, Karl Wilhelm von;37232
9/826;Odeleben, Ernst Gottfried von;40029
9/827;Wesselhöft, Johann Karl;42632
9/828;Knoll, David Sebastian;51053
9/829;Müller, Friedrich Theodor Adam Heinrich von;44617
9/830;Riemer, Friedrich Wilhelm;40714
9/831;Schubarth, Karl Ernst;41353
9/832;Giesecke, Karl Ludwig;43751
9/833;Meyer, Johann Heinrich;44570
9/834;Wesselhöft, Johann Karl;42632
9/835;Boisserée, Johann Sulpiz Melchior Dominikus;43183
9/836;Grüner, Joseph Sebastian;37671
9/837;Brühl, Karl Friedrich Moritz Paul Graf von;43274
9/838;Nicht ermittelt;66970
9/839;Wesselhöft, Johann Karl;42632
9/840;Eichstädt, Heinrich Karl Abraham;36868
9/841;Jäger, Georg Friedrich;38370
9/842;Sachsen-Weimar-Eisenach, Karl August Großherzog von;40962
9/843;Sachsen-Weimar-Eisenach, Karl August Großherzog von;40962
9/844;Rochlitz, Johann Friedrich;44950
9/845;Both, Karl Friedrich von;35960
9/846;Frege & Co.;46151
9/847;Knebel, Karl Ludwig von;44242
9/848;Hüttner, Johann Christian;38277
9/849;Knebel, Karl Ludwig von;44242
9/850;Mattoni, Andreas Vinzenz Heinrich Peter;39472
9/851;Autenrieth, Hermann Friedrich;35392
9/852;Odeleben, Ernst Gottfried von;40029
9/853;Schultz, Christoph Ludwig Friedrich;41393
9/854;Lancken, Christoph Dietrich Gustav von der;51266
9/855;Sprengel, Gustav;51739
9/856;Rehbein, Wilhelm;40555
9/857;Müller, Friedrich Theodor Adam Heinrich von;44617
9/858;Mahr, Johann Heinrich Christian;44480
9/859;Mohr, Johanna Maria Elisabeth;44589
9/860;Sachsen-Weimar-Eisenach, Luise Augusta Großherzogin von;45046
9/861;Sachsen-Weimar-Eisenach, Luise Augusta Großherzogin von;45046
9/862;Reinhard, Karl Friedrich Graf;40609
9/863;Zauper, Joseph Stanislaus;50158
9/864;Athenstädt;45898
9/865;Gillies, Robert Pearse;50144
9/866;Schultz, Christoph Ludwig Friedrich;41393
9/867;Knebel, Karl Ludwig von;44242
9/868;Schubarth, Karl Ernst;41353
9/869;Odeleben, Ernst Gottfried von;40029
9/870;Wesselhöft, Johann Karl;42632
9/871;Burdach, Karl Friedrich;36183
9/872;Körner, Christian Gottfried;38740
9/873;Bülow, Ludwig Friedrich Viktor Hans Graf von;43296
9/874;Frege & Co.;46151
9/875;Gerning, Johann Isaak von;37402
9/876;Knebel, Karl Ludwig von;44242
9/877;Schultz, Christoph Ludwig Friedrich;41393
9/878;Willemer, Marianne von;45745
9/879;Fritsch, Karl Wilhelm von;37232
9/880;Ludecus, Johann Wilhelm Karl;44462
9/881;Rochlitz, Johann Friedrich;44950
9/882;Boisserée, Johann Sulpiz Melchior Dominikus;43183
9/883;Humboldt, Wilhelm von;44093
9/884;Ziegler, Friedrich Julius Wilhelm;45833
9/885;Tischbein, Johann Heinrich Wilhelm;45522
9/886;Weigel, Johann August Gottlob;42533
9/887;Hüttner, Johann Christian;38277
9/888;Peters, Karl Friedrich;40250
9/889;Boisserée, Johann Sulpiz Melchior Dominikus;43183
9/890;Fischer, Karl Gottlieb;43633
9/891;Noehden, Georg Heinrich;39997
9/892;Frommann, Karl Friedrich Ernst;43691
9/893;Hüttner, Johann Christian;38277
9/894;Keferstein, Christian;51001
9/895;Mittler, Johann Georg;51230
9/896;Sachsen-Weimar-Eisenach, Luise Augusta Großherzogin von;45046
9/897;Zelter, Karl Friedrich;42874
9/898;Gerning, Johann Isaak von;37402
9/899;Mahr, Johann Heinrich Christian;44480
9/900;Noehden, Georg Heinrich;39997
9/901;Hüttner, Johann Christian;38277
9/902;Oldendorp, Christian Johann;40069
9/903;Conta, Karl Friedrich Anton;43370
9/904;Boisserée, Johann Sulpiz Melchior Dominikus;43183
9/905;Hartknoch, Karl Eduard;50536
9/906;Coudray, Klemens Wenzeslaus;36473
9/907;Hermann, Johann Gottfried Jakob;43991
9/908;Roux, Jakob Wilhelm Christian;44984
9/909;Cotta, Johann Friedrich von;36466
9/910;Winter, Christian Friedrich;42728
9/911;Knebel, Karl Ludwig von;44242
9/912;Peters, Karl Friedrich;40250
9/913;Frege & Co.;46151
9/914;Hagen, Ernst August;50165
9/915;Nees von Esenbeck, Christian Gottfried Daniel;44667
9/916;Cottasche Buchhandlung;46039
9/917;Perthes, Friedrich Christoph;44788
9/918;Riemer, Friedrich Wilhelm;40714
9/919;Schöne, Karl Christian Ludwig;51200
9/920;Kräuter, Friedrich Theodor David;44302
9/921;Hüttner, Johann Christian;38277
9/922;Wesselhöft, Johann Karl;42632
9/923;Schlosser, Johann Friedrich Heinrich;45154
9/924;Seebeck, Thomas Johann;45316
9/925;Boisserée, Johann Sulpiz Melchior Dominikus;43183
9/926;Nees von Esenbeck, Christian Gottfried Daniel;44667
9/927;Nees von Esenbeck, Christian Gottfried Daniel;44667
9/928;Voß, Johann Heinrich (d. J.);45625
9/929;Noehden, Georg Heinrich;39997
9/930;Seidler, Karoline Sophie Luise;45320
9/931;Roederer, G. S. (? G. F. oder J. S.);51721
9/932;Schmidt, Friedrich Ludwig;41228
9/933;Zelter, Karl Friedrich;42874
9/934;Goethe, August von;43780
9/935;Hegel, Georg Wilhelm Friedrich;37929
9/936;Reinhard, Karl Friedrich Graf;40609
9/937;Schultz, Christoph Ludwig Friedrich;41393
9/938;Odeleben, Ernst Gottfried von;40029
9/939;Goethe, August von;43780
9/940;Boisserée, Johann Sulpiz Melchior Dominikus;43183
9/941;Zelter, Karl Friedrich;42874
9/942;Beulwitz, Friedrich Wilhelm Ludwig von;35737
9/943;Goethe, August von;43780
9/944;Hundeshagen, Helfrich Bernhard;44102
9/945;Meynier, Ludwig Friedrich Wilhelm;51410
9/946;Riemer, Friedrich Wilhelm;40714
9/947;Zauper, Joseph Stanislaus;50158
9/948;Löffelholz von Colberg, Anna Elisabeth Sophie;51302
9/949;Weimar, Landes-Industrie-Comptoir in;42549
9/950;Goethe, Ottilie von;43782
9/951;Brentano, Franz Dominikus Maria Joseph;43246
9/952;Zauper, Joseph Stanislaus;50158
9/953;Cotta, Johann Friedrich von;36466
9/954;Goethe, August von;43780
9/955;Schmidt, Philipp Nikolaus;45180
9/956;Rossmäßler, Johann Friedrich;5596
9/957;Zelter, Karl Friedrich;42874
9/958;Goethe, August von;43780
9/959;Goethe, Ottilie von;43782
9/960;Kropf, Joseph Andreas von;46348
9/961;Schubarth, Karl Ernst;41353
9/962;Willemer, Marianne oder Johann Jakob von;
9/962;Willemer, Johann Jakob von;42695
9/963;Eckl, Klemens;50259
9/964;Auersperg, Joseph Graf von und zu;43018
9/965;Eckermann, Johann Peter;36828
9/966;Eckermann, Johann Peter;36828
9/967;Eger, Zollamt (Unterzeichner: Johann Hubl);36839
9/967;Hubl, Johann;61288
9/968;Knoll, David Sebastian;51053
9/969;Willemer, Johann Jakob von;42695
9/970;Willemer, Marianne von;45745
9/971;Goethe, August von;43780
9/972;Sachsen-Weimar-Eisenach, Karl August Großherzog von;40962
9/973;? Böhme, Johann August;35860
9/974;Goethe, August von;43780
9/975;Müller, Friedrich Theodor Adam Heinrich von;44617
9/976;Nicolovius, Georg Heinrich Ludwig;44682
9/977;Pogwisch, Ulrike von;44816
9/978;Stein, Gottlob Friedrich Konstantin von;45399
9/979;Tischbein, Johann Heinrich Wilhelm;45522
9/980;Mellish, Joseph Charles;39542
9/981;Böhringer, August;35868
9/982;Goethe, Ottilie von;43782
9/983;Blomberg, Wilhelm Karl Georg von;43160
9/984;Goethe, August von;43780
9/985;Goethe, August von;43780
9/986;Stein, Gottlob Friedrich Konstantin von;45399
9/987;Keferstein, Christian;51001
9/988;Byron, George Gordon;36218
9/989;Stein, Gottlob Friedrich Konstantin von;45399
9/990;Goethe, August von;43780
9/991;Schmid, Georg;51893
9/992;Vulpius, Christian August;45631
9/993;Brockmüller, Johann Joachim Daniel;36079
9/994;Frege, Christian Gottlob;53768
9/995;Goethe, August von;43780
9/996;Leonhard, Karl Cäsar von;39103
9/997;Meyer, Johann Heinrich;44570
9/998;Sternberg, Kaspar Maria Graf von;49782
9/999;Wolff, Pius Alexander;45779
9/1000;Goethe, August von;43780
9/1001;Nicht ermittelt;66971
9/1002;Sauerländer, Johann David;50457
9/1003;Leske, Karl Wilhelm;39116
9/1004;Kräuter, Friedrich Theodor David;44302
9/1005;Meyer, Johann Heinrich;44570
9/1006;Gradl, Johann Wendelin;37583
9/1007;Kräuter, Friedrich Theodor David;44302
9/1008;Goethe, August von;43780
9/1009;Ruhl, Julius Eugen;44996
9/1010;Bran, Friedrich Alexander;43213
9/1011;Goethe, August von;43780
9/1012;Grüner, Joseph Sebastian;37671
9/1013;Kräuter, Friedrich Theodor David;44302
9/1014;Kräuter, Friedrich Theodor David;44302
9/1015;Kräuter, Friedrich Theodor David;44302
9/1016;Sachsen-Weimar-Eisenach, Karl August Großherzog von;40962
9/1017;Grüner, Joseph Sebastian;37671
9/1018;Oerthel, Heerdegen & Co.;49319
9/1019;Will, Gebrüder;52050
9/1020;Goethe, August von;43780
9/1021;Conta, Karl Friedrich Anton;43370
9/1022;Döbereiner, Johann Wolfgang;36694
9/1023;Goethe, August von;43780
9/1024;Goethe, August von;43780
9/1025;Grüner, Joseph Sebastian;37671
9/1026;Jena, Redaktion der Isis;50762
9/1027;Meyer, Johann Heinrich;44570
9/1028;Ritter, Martin Eduard;51635
9/1029;Vulpius, Christian August;45631
9/1030;Rehbein, Wilhelm;40555
9/1031;Goethe, August von;43780
9/1032;Knebel, Karl Ludwig von;44242
9/1033;Vulpius, Christian August;45631
9/1034;Egloffstein, Karoline Gräfin von und zu;46094
9/1035;Lyncker, Karl Wilhelm Heinrich von;44473
9/1036;Büchler, Johann Lambert;43289
9/1037;Goethe, August von;43780
9/1038;Schöne, Karl Christian Ludwig;51200
9/1039;Kräuter, Friedrich Theodor David;44302
9/1040;Both, Karl Friedrich von;35960
9/1041;Meyer, Johann Heinrich;44570
9/1042;Boisserée, Johann Sulpiz Melchior Dominikus;43183
9/1043;Bruckmann, Georg Peter;43270
9/1044;Brühl, Karl Friedrich Moritz Paul Graf von;43274
9/1045;Goethe, August von;43780
9/1046;Kräuter, Friedrich Theodor David;44302
9/1047;Riemer, Friedrich Wilhelm;40714
9/1048;Schubarth, Karl Ernst;41353
9/1049;Vulpius, Christian August;45631
9/1050;Vulpius, Christian August;45631
9/1051;Sachsen-Weimar-Eisenach, Karl August Großherzog von;40962
9/1052;Sachsen-Weimar-Eisenach, Karl August Großherzog von;40962
9/1053;Vulpius, Christian August;45631
9/1054;Conta, Karl Friedrich Anton;43370
9/1055;Goethe, August von;43780
9/1056;Meyer, Johann Heinrich;44570
9/1057;Pyrker von Oberwart, Johann Ladislaus;40474
9/1058;Riemer, Friedrich Wilhelm;40714
9/1059;Zelter, Karl Friedrich;42874
9/1060;Schinkel, Karl Friedrich;41156
9/1061;Kräuter, Friedrich Theodor David;44302
9/1062;Schubarth, Karl Ernst;41353
9/1063;Vulpius, Christian August;45631
9/1064;Zelter, Karl Friedrich;42874
9/1065;Knebel, Karl Ludwig von;44242
9/1066;Frommann, Johanna Charlotte;43690
9/1067;Goethe, August von;43780
9/1068;Kräuter, Friedrich Theodor David;44302
9/1069;Riemer, Friedrich Wilhelm;40714
9/1070;Frommann, Johanna Charlotte;43690
9/1071;Grüner, Joseph Sebastian;37671
9/1072;Oelsnitz, Karl Eduard von der;49318
9/1073;Goethe, August von;43780
9/1074;Kräuter, Friedrich Theodor David;44302
9/1075;Meyer, Johann Heinrich;44570
9/1076;Riemer, Friedrich Wilhelm;40714
9/1077;Stein, Gottlob Friedrich Konstantin von;45399
9/1078;Zelter, Karl Friedrich;42874
9/1079;Schinkel, Karl Friedrich;41156
9/1080;Henschel, Gebrüder;38006
9/1081;Döbereiner, Johann Wolfgang;36694
9/1082;Kräuter, Friedrich Theodor David;44302
9/1083;Schopenhauer, Adele;45215
9/1084;Goethe, August von;43780
9/1085;Vulpius, Christian August;45631
9/1086;Körner, Johann Christian Friedrich;44268
9/1087;Kräuter, Friedrich Theodor David;44302
9/1088;Riemer, Friedrich Wilhelm;40714
9/1089;Stein, Gottlob Friedrich Konstantin von;45399
9/1090;Cotta, Johann Friedrich von;36466
9/1091;Goethe, August von;43780
9/1092;Knebel, Karl Ludwig von;44242
9/1093;Meyer, Johann Heinrich;44570
9/1094;Vulpius, Christian August;45631
9/1095;Pogwisch, Ulrike von;44816
9/1096;Goethe, August von;43780
9/1097;Riemer, Friedrich Wilhelm;40714
9/1098;Goethe, August von;43780
9/1099;Kräuter, Friedrich Theodor David;44302
9/1100;Vulpius, Christian August;45631
9/1101;Goethe, Ottilie von;43782
9/1102;Hasenclever, Kornelia Henriette Franziska;43928
9/1103;Schubarth, Karl Ernst;41353
9/1104;Spiegel von und zu Pickelsheim, Karl Emil;41664
9/1105;Vulpius, Christian August;45631
9/1106;Goethe, August von;43780
9/1107;Kräuter, Friedrich Theodor David;44302
9/1108;Goethe, Ottilie von;43782
9/1109;Noehden, Georg Heinrich;39997
9/1110;Cottasche Buchhandlung;46039
9/1111;Ramann, Gebrüder (Unterzeichner: Gottfried Zechbauer);40507
9/1111;Zechbauer, Johann ^#s+Gottfried^#s- (1792-nach 1833);47243
9/1112;Klenze, Leo;44227
9/1113;Nicolovius, Georg Heinrich Ludwig;44682
9/1114;Arnim, Bettina von;43000
9/1115;Jacobi, Johann August;56751
9/1116;Auersperg, Joseph Graf von und zu;43018
9/1117;Heun, Johann Gottlieb Samuel Karl;44025
9/1118;Rellstab, Heinrich Friedrich Ludwig;51124
9/1119;Schilling, Wilhelm Heinrich von;51713
9/1120;Stein, Gottlob Friedrich Konstantin von;45399
9/1121;Färber, Johann Michael Christoph;43600
9/1122;Meyer, Johann Heinrich;44570
9/1123;Weller, Christian Ernst Friedrich;45701
9/1124;Knebel, Karl Ludwig von;44242
9/1125;Büsching, Johann Gustav Gottlieb;43299
9/1126;Zelter, Karl Friedrich;42874
9/1127;Alberti, Johann Karl;46877
9/1128;Cotta, Johann Friedrich von;36466
9/1129;Knebel, Karl Ludwig von;44242
9/1130;Meier, Christian Ernst;49237
9/1131;Müller, Friedrich Theodor Adam Heinrich von;44617
9/1132;Schubarth, Karl Ernst;41353
9/1133;Grüner, Joseph Sebastian;37671
9/1134;Mendelssohn Bartholdy, Abraham;44541
9/1135;Pogwisch, Ulrike von;44816
9/1136;Primavesi, Johann Georg;44845
9/1137;Varnhagen von Ense, Karl August;45583
9/1138;Frommann, Karl Friedrich Ernst;43691
9/1139;Humboldt, Wilhelm von;44093
9/1140;Nees von Esenbeck, Christian Gottfried Daniel;44667
9/1141;Vulpius, Christian August;45631
9/1142;Cruickshank, Jakob Ignaz von;36510
9/1143;Weller, Christian Ernst Friedrich;45701
9/1144;Schubarth, Karl Ernst;41353
9/1145;Knebel, Karl Ludwig von;44242
9/1146;Schubarth, Karl Ernst;41353
9/1147;Stapfer, Frédéric Albert Alexandre;51977
9/1148;Kosegarten, Johann Gottfried Ludwig;38785
9/1149;Lenz, Johann Georg;39094
9/1150;Weigel, Johann August Gottlob;42533
9/1151;Pictet, Amédée Pierre Jules;51418
9/1152;Lichtenstein, Ludwig August Karl von;50601
9/1153;Lyncker, Karl Wilhelm Heinrich von;44473
9/1154;Müller, Friedrich Theodor Adam Heinrich von;44617
9/1155;Raabe, Karl Joseph;44856
9/1156;Seeliger, Christian Ehrenfried;51683
9/1157;Förster, Friedrich Christoph;43651
9/1158;Frege & Co.;46151
9/1159;Rhode, Johann Gottlieb;40683
9/1160;Böhme, Johann August;35860
9/1161;Knoll, David Sebastian;51053
9/1162;Knebel, Karl Ludwig von;44242
9/1163;Schubarth, Karl Ernst;41353
9/1164;Alton, Eduard Joseph d';42969
9/1165;Frommann, Karl Friedrich Ernst;43691
9/1166;Zelter, Karl Friedrich;42874
9/1167;Cotta, Johann Friedrich von;36466
9/1168;Weigel, Johann August Gottlob;42533
9/1169;Frege & Co.;46151
9/1170;Schubarth, Karl Ernst;41353
9/1171;Henschel, Gebrüder;38006
9/1172;Zelter, Dorothea (Doris) Auguste Cäcilie;45814
9/1173;Freyberg-Eisenberg, Maximilian Prokop von;43673
9/1174;Voß, Johann Heinrich (d. J.);45625
9/1175;Carus, Karl Gustav;36285
9/1176;Heine, Heinrich;50496
9/1177;Primavesi, Johann Georg;44845
9/1178;Schubarth, Karl Ernst;41353
9/1179;Lenz, Johann Georg;39094
9/1180;Döring, Johann Michael Heinrich;43491
9/1181;Knebel, Karl Ludwig von;44242
9/1182;Pictet, Adolphe;51424
9/1183;Schreibers, Karl Franz Anton von;45222
9/1184;Schultz, Christoph Ludwig Friedrich;41393
9/1185;Hopffgarten, Sophie Karoline von;44071
9/1186;Sachsen-Weimar-Eisenach, Karl Friedrich Erbgroßherzog von;40966
9/1187;Hundeshagen, Helfrich Bernhard;44102
9/1188;Iken, Karl Jakob Ludwig;44118
9/1189;Sylvestre, Espérance;41919
9/1190;Riemer, Friedrich Wilhelm;40714
9/1191;Sachsen-Weimar-Eisenach, Karl August Großherzog von;40962
9/1192;Boisserée, Johann Sulpiz Melchior Dominikus;43183
9/1193;Sachsen-Weimar-Eisenach, Karl August Großherzog von;40962
9/1194;Weller, Christian Ernst Friedrich;45701
9/1195;Spangenberg, Johann Christian Jakob;45355
9/1196;Tischbein, Johann Heinrich Wilhelm;45522
9/1197;Sachsen-Weimar-Eisenach, Karl August Großherzog von;40962
9/1198;Cruickshank, Jakob Ignaz von;36510
9/1199;Lenz, Johann Georg;39094
9/1200;Nicolovius, Georg Heinrich Ludwig;44682
9/1201;Schweigger, Johann Salomo Christoph;41462
9/1202;Grüner, Joseph Sebastian;37671
9/1203;Knebel, Karl Ludwig von;44242
9/1204;Frommann, Karl Friedrich Ernst;43691
9/1205;Manso, Edmund Theodor;47067
9/1206;Sachsen-Weimar-Eisenach, Karl August Großherzog von;40962
9/1207;Sachsen-Weimar-Eisenach, Karl August Großherzog von;40962
9/1208;Weigel, Johann August Gottlob;42533
9/1209;Färber, Johann Michael Christoph;43600
9/1210;Riemer, Friedrich Wilhelm;40714
9/1211;Sachsen-Weimar-Eisenach, Karl August Großherzog von;40962
9/1212;Weller, Christian Ernst Friedrich;45701
9/1213;Henning, Leopold von;43969
9/1214;Knebel, Karl Ludwig von;44242
9/1215;Pogwisch, Ulrike von;44816
9/1216;Schlosser, Christian Friedrich;45149
9/1217;Neeff, Christian Ernst;39939
9/1218;Schlosser, Johann Friedrich Heinrich;45154
9/1219;Weller, Christian Ernst Friedrich;45701
9/1220;Frommann, Karl Friedrich Ernst;43691
9/1221;Mellish, Joseph Charles;39542
9/1222;Goetze, Johann Georg Paul;43791
9/1223;Frommann, Karl Friedrich Ernst;43691
9/1224;Bachmann, Karl Friedrich;35411
9/1225;Schubarth, Karl Ernst;41353
9/1226;Harder, Karl von;50557
9/1227;Zelter, Karl Friedrich;42874
9/1228;Buchon, Jean Alexandre C.;36140
9/1229;Knebel, Karl Ludwig von;44242
9/1230;Carus, Karl Gustav;36285
9/1231;Schubarth, Karl Ernst;41353
9/1232;Brandes, Simon Rudolf;36001
9/1233;Sachsen-Weimar-Eisenach, Karl August Großherzog von;40962
9/1234;Genast, Karoline Christine;43722
9/1235;Knebel, Karl Ludwig von;44242
9/1236;Reinhard, Karl Friedrich Graf;40609
9/1237;Meyer, Christian Ludwig;39616
9/1238;Rennenkampff, Karl Jakob Alexander von;44923
9/1239;Färber, Johann Michael Christoph;43600
9/1240;Mahr, Johann Heinrich Christian;44480
9/1241;Röhr, Johann Friedrich;40778
9/1242;Egloffstein, Karoline Gräfin von und zu;46094
9/1243;Lenz, Johann Georg;39094
9/1244;Chwostow, Dmitrij Iwanowitsch Graf;49296
9/1245;Weller, Christian Ernst Friedrich;45701
9/1246;Howard, Luke;38250
9/1247;Zelter, Karl Friedrich;42874
9/1248;Harzen, Georg Ernst;50552
9/1249;Hüttner, Johann Christian;38277
9/1250;Gerning, Johann Isaak von;37402
9/1251;Krug von Nidda, Friedrich Ludwig Albrecht Franz;44324
9/1252;Perthes, Friedrich Christoph;44788
9/1253;Schlosser, Johann Friedrich Heinrich;45154
9/1254;Boisserée, Johann Sulpiz Melchior Dominikus;43183
9/1255;Zelter, Karl Friedrich;42874
9/1256;Mahr, Johann Heinrich Christian;44480
9/1257;Welz, Anna Katharina;50086
9/1258;Frege & Co.;46151
9/1259;Welz, Anna Katharina;50086
9/1260;Bürde, Friedrich Leopold;56691
9/1261;Hundeshagen, Helfrich Bernhard;44102
9/1262;Carus, Karl Gustav;36285
9/1263;Goetze, Johann Georg Paul;43791
9/1264;Cotta, Johann Friedrich von;36466
9/1265;Riemer, Friedrich Wilhelm;40714
9/1266;Stein, Gottlob Friedrich Konstantin von;45399
9/1267;Shukowski, Wassili Andrejewitsch;51781
9/1268;Brockmüller, Johann Joachim Daniel;36079
9/1269;Cramer, Christoph Ludwig Wilhelm;43388
9/1270;Knebel, Karl Ludwig von;44242
9/1271;Barth, Johann Ambrosius (Verlagsbuchhandlung);35478
9/1272;Mahr, Johann Heinrich Christian;44480
9/1273;Willemer, Marianne von;45745
9/1274;Stein, Gottlob Friedrich Konstantin von;45399
9/1275;Zelter, Karl Friedrich;42874
9/1276;Humboldt, Wilhelm von;44093
9/1277;Henning, Leopold von;43969
9/1278;Mendelssohn Bartholdy, Felix;44544
9/1279;Zauper, Joseph Stanislaus;50158
9/1280;Schlosser, Johann Friedrich Heinrich;45154
9/1281;Schwab, Gustav;45263
9/1282;Wesselhöft, Johann Karl;42632
9/1283;Tieck, Johann Ludwig;45514
9/1284;Richter, Christian Heinrich;51632
9/1285;Zelter, Karl Friedrich;42874
9/1286;Carus, Karl Gustav;36285
9/1287;Oertel, Eucharius Ferdinand Christian;21394
9/1288;Schlosser, Sophie Johanna;45165
9/1289;Lenz, Johann Georg;39094
9/1290;Weigel, Johann August Gottlob;42533
9/1291;Nees von Esenbeck, Christian Gottfried Daniel;44667
9/1292;Weigel, Johann August Gottlob;42533
9/1293;Müller, Friedrich Theodor Adam Heinrich von;44617
9/1294;Zelter, Karl Friedrich;42874
9/1295;Vulpius, Christian August;45631
9/1296;Staff, Karl August Wilhelm Heinrich Hermann von;45382
9/1297;Wilbrand, Johann Bernhard und Ferdinand August Maria Franz Ritgen;
9/1297;Ritgen, Ferdinand August Maria Franz;51641
9/1298;Dorow, Karl Friedrich Ferdinand Wilhelm;43499
9/1299;Knatz, Heinrich Jakob Karl;51138
9/1300;Noehden, Georg Heinrich;39997
9/1301;Gersdorff, Ernst Christian August von;43739
9/1302;Heidler, Karl Joseph;43947
9/1303;Rochlitz, Johann Friedrich;44950
9/1304;Bethmann, Simon Moritz von;35726
9/1305;Frege & Co.;46151
9/1306;Gradl, Johann Wendelin;37583
9/1307;Voß, Johann Heinrich (d. J.);45625
9/1308;Weller, Christian Ernst Friedrich;45701
9/1309;Körte, Friedrich Heinrich Wilhelm;44271
9/1310;Frege & Co.;46151
9/1311;Broesigke, Ulrike Elisabeth von;46929
9/1312;Noehden, Georg Heinrich;39997
9/1313;Schelver, Franz Joseph;41114
9/1314;Meyer, Johann Heinrich;44570
9/1315;Boisserée, Johann Sulpiz Melchior Dominikus;43183
9/1316;Cotta, Johann Friedrich von;36466
9/1317;Knebel, Karl Ludwig von;44242
9/1318;Schwabe, Christian Wilhelm Lorenz;41423
9/1319;Schlosser, Johann Friedrich Heinrich;45154
9/1320;Färber, Johann Michael Christoph;43600
9/1321;Hagen, Ernst August;50165
9/1322;Knebel, Karl Ludwig von;44242
9/1323;Zauper, Joseph Stanislaus;50158
9/1324;Wesselhöft, Johann Karl;42632
9/1325;Weigel, Johann August Gottlob;42533
9/1326;Weller, Christian Ernst Friedrich;45701
9/1327;Wesselhöft, Johann Karl;42632
9/1328;Ruhl, Ludwig Sigismund;44997
9/1329;Weller, Christian Ernst Friedrich;45701
9/1330;Hufeland, Christoph Wilhelm;38278
9/1331;Carus, Karl Gustav;36285
9/1332;Immermann, Karl Leberecht;49411
9/1333;Henning, Leopold von;43969
9/1334;Budberg, Otto Christoph von;43287
9/1335;Knebel, Karl Ludwig von;44242
9/1336;Preller, Ernst Christian Johann Friedrich;5233
9/1337;Weller, Christian Ernst Friedrich;45701
9/1338;Hinrichs, Hermann Friedrich Wilhelm;50731
9/1339;Mahr, Johann Heinrich Christian;44480
9/1340;Schwabe, Christian Wilhelm Lorenz;41423
9/1341;Köhler, Heinrich Karl Ernst von;38720
9/1342;Mendelssohn Bartholdy, Felix;44544
9/1343;Riemer, Friedrich Wilhelm;40714
9/1344;Müller, Friedrich Theodor Adam Heinrich von;44617
9/1345;Kirms, Franz;38597
9/1346;Zelter, Karl Friedrich;42874
9/1347;Arnemann, Martin August;45890
9/1348;Goethe, August von;43780
9/1349;Goethe, August von;43780
9/1350;Kräuter, Friedrich Theodor David;44302
9/1351;Luck, Friedrich Ludwig Wilhelm von;44455
9/1352;Goethe, August von;43780
9/1353;Budberg, Otto Christoph von;43287
9/1354;Goethe, August von;43780
9/1355;Sasse, Michael;46646
9/1356;Henning, Leopold von;43969
9/1357;Bohte, Johann Heinrich;35901
9/1358;Gries, Johann Diederich;43824
9/1359;Conta, Karl Friedrich Anton;43370
9/1360;Reinhard, Karl Friedrich Graf;40609
9/1361;Bowring, John;35981
9/1362;Goethe, August von;43780
9/1363;Frege & Co.;46151
9/1364;Meyer, Johann Heinrich;44570
9/1365;Döring, Johann Michael Heinrich;43491
9/1366;Ruckstuhl, Karl Joseph Heinrich;44988
9/1367;Sartorius, Georg Friedrich Christoph;45066
9/1368;Wiebeking, Karl Friedrich von;42667
9/1369;Boisserée, Johann Sulpiz Melchior Dominikus;43183
9/1370;Carus, Karl Gustav;36285
9/1371;Frommann, Karl Friedrich Ernst;43691
9/1372;Perthes, Friedrich Christoph;44788
9/1373;Müller, Friedrich Theodor Adam Heinrich von;44617
9/1374;Weigel, Johann August Gottlob;42533
9/1375;Meyer, Johann Heinrich;44570
9/1376;Willemer, Marianne von;45745
9/1377;Willemer, Johann Jakob von;42695
9/1378;Boisserée, Johann Sulpiz Melchior Dominikus;43183
9/1379;Goethe, August von;43780
9/1380;Gersdorff, Ernst Christian August von;43739
9/1381;Posselt, Johannes Friedrich;40411
9/1382;Schütz, Christian Wilhelm von;45240
9/1383;Wilbrand, Johann Bernhard und Ferdinand August Maria Franz Ritgen;
9/1383;Ritgen, Ferdinand August Maria Franz;51641
9/1384;Helldorff, Karl Heinrich Anton von;43955
9/1385;Goethe, August von;43780
9/1386;Kosegarten, Johann Gottfried Ludwig;38785
9/1387;Boisserée, Johann Sulpiz Melchior Dominikus;43183
9/1388;Büsching, Johann Gustav Gottlieb;43299
9/1389;Ukert, Friedrich August;45561
9/1390;Kapp, Johann Georg Christian;50961
9/1391;Kräuter, Friedrich Theodor David;44302
9/1392;Hagen, Ernst August;50165
9/1393;Knebel, Karl Ludwig von;44242
9/1394;Goethe, August von;43780
9/1395;Immermann, Karl Leberecht;49411
9/1396;Weyrauch, August Heinrich von;45725
9/1397;Weyrauch, Sophie von;47289
9/1398;Goethe, August von;43780
9/1399;Körte, Friedrich Heinrich Wilhelm;44271
9/1400;Weller, Christian Ernst Friedrich;45701
9/1401;Hinrichs, Hermann Friedrich Wilhelm;50731
9/1402;Grüner, Joseph Sebastian;37671
9/1403;Helvig, Anna Amalia von;43958
9/1404;Goethe, August von;43780
9/1405;Knebel, Karl Ludwig von;44242
9/1406;Schopenhauer, Adele;45215
9/1407;Förster, Friedrich Christoph;43651
9/1408;Goethe, August von;43780
9/1409;Rehbein, Wilhelm;40555
9/1410;Vulpius, Christian August;45631
9/1411;Färber, Johann Michael Christoph;43600
9/1412;Schmid, Eduard Oskar;51877
9/1413;Kosegarten, Johann Gottfried Ludwig;38785
9/1414;Nees von Esenbeck, Christian Gottfried Daniel;44667
9/1415;Schlosser, Christian Friedrich;45149
9/1416;Voß, Johann Heinrich (d. J.);45625
9/1417;John, Johann August Friedrich;44155
9/1418;Meyer, Johann Heinrich;44570
9/1419;Hüttner, Johann Christian;38277
9/1420;Hohenzollern-Sigmaringen, Karl Anton Friedrich Meinrad Fidelis Erbprinz von;50735
9/1421;Addicks, Barbara;51557
9/1422;Wiebeking, Karl Friedrich von;42667
9/1423;Harzen, Georg Ernst;50552
9/1424;Knebel, Karl Ludwig von;44242
9/1425;Noehden, Georg Heinrich;39997
9/1426;Marienbad, Brunneninspektion in (Unterzeichner: Wendelin Gradl);63820
9/1426;Gradl (Gradel), Johann ^#s+Wendelin^#s- (1788-1825);37583
9/1427;Goethe, August von;43780
9/1428;Lobanow-Rostowskij, Alexander Jakowlewitsch Fürst;58411
9/1429;Henning, Leopold von;43969
9/1430;Goethe, August von;43780
9/1431;Goethe, August von;43780
9/1432;Sachsen-Weimar-Eisenach, Luise Augusta Großherzogin von;45046
9/1433;Goethe, August von;43780
9/1434;Cotta, Johann Heinrich;43382
9/1435;Schütz, Christian Wilhelm von;45240
9/1436;Zelter, Karl Friedrich;42874
9/1437;Gradl, Johann Wendelin;37583
9/1438;Varnhagen von Ense, Karl August;45583
9/1439;Lößl, Ignaz;39232
9/1440;Zauper, Joseph Stanislaus;50158
9/1441;Schultz, Christoph Ludwig Friedrich;41393
9/1442;Stein, Gottlob Friedrich Konstantin von;45399
9/1443;Weyrauch, Sophie von;47289
9/1444;Leonhard, Karl Cäsar von;39103
9/1445;Reinhard, Karl Friedrich Graf;40609
9/1446;Rießner, Friedrich Gottlob;51634
9/1447;Grüner, Joseph Sebastian;37671
9/1448;Müller, Friedrich Theodor Adam Heinrich von;44617
9/1449;Meyer, Ernst Heinrich Friedrich;49786
9/1450;Reisig, Christian Karl;44917
9/1451;Grüner, Joseph Sebastian;37671
9/1452;Arnold, Johann Georg Daniel;35351
9/1453;Boisserée, Johann Sulpiz Melchior Dominikus;43183
9/1454;Boisserée, Johann Sulpiz Melchior Dominikus;43183
9/1455;Förster, Friedrich Christoph;43651
9/1456;Güldenapfel, Georg Gottlieb;37695
9/1457;Henning, Leopold von;43969
9/1458;Nicht ermittelt;66972
9/1459;Nicht ermittelt;66973
9/1460;Peucer, Heinrich Karl Friedrich;44793
9/1461;Riemer, Friedrich Wilhelm;40714
9/1462;Schlözer, Karl von;49215
9/1463;Schütze, Johann Stephan;45243
9/1464;Zauper, Joseph Stanislaus;50158
9/1465;Hüttner, Johann Christian;38277
9/1466;Sternberg, Kaspar Maria Graf von;49782
9/1467;Zauper, Joseph Stanislaus;50158
9/1468;Wesselhöft, Johann Karl;42632
9/1469;Alton, Eduard Joseph d';42969
9/1470;Hoff, Karl Ernst Adolf von;44053
9/1471;Sachsen-Weimar-Eisenach, Maria Paw­low­na Erbgroßherzogin von;40967
9/1472;Lenz, Johann Georg;39094
9/1473;Meyer, Johann Heinrich;44570
9/1474;Budberg, Otto Christoph von;43287
9/1475;Cramer, Christoph Ludwig Wilhelm;43388
9/1476;Heusinger, Karl Friedrich;50584
9/1477;Körner, Johann Christian Friedrich;44268
9/1478;Macháček, Simeon Karel;44476
9/1479;Weigel, Johann August Gottlob;42533
9/1480;Henning, Leopold von;43969
9/1481;Ompteda, Friederike Christiane Elisabeth von;58734
9/1482;Hegel, Georg Wilhelm Friedrich;37929
9/1483;Frommann, Johanna Charlotte und Alwina Sophia;
9/1483;Frommann, Alwina (Albina) Sophia;43688
9/1484;Fritsch, Karl Wilhelm von;37232
9/1485;Rochlitz, Johann Friedrich;44950
9/1486;Prokesch, Anton Franz;50746
9/1487;Grüner, Joseph Sebastian;37671
9/1488;Körner, Johann Christian Friedrich;44268
9/1489;Meurer & Baumann;51464
9/1490;Meyer, Ernst Heinrich Friedrich;49786
9/1491;Carus, Karl Gustav;36285
9/1492;Knebel, Karl Ludwig von;44242
9/1493;Lenz, Johann Georg;39094
9/1494;Metzlersche Buchhandlung;51437
9/1495;Nees von Esenbeck, Christian Gottfried Daniel;44667
9/1496;Bothmer, Georg Gottlieb Ernst Karl Graf von;43204
9/1497;Melber, Johanna Maria;44537
9/1498;Melber, Johanna Maria;44537
9/1499;Graffunder, Alfred Karl Ludwig Eberhard Jobst;50178
9/1500;Loos, Gottfried Bernhard;44443
9/1501;Stock, Esther Maria Margarete;45425
9/1502;Berzelius, Jöns Jacob von;43120
9/1503;Goebel, Karl Christoph Traugott Friedemann;43765
9/1504;Lenz, Johann Georg;39094
9/1505;Lenz, Johann Georg;39094
9/1506;Soret, Frédéric Jacob;46734
9/1507;Jena, Deputation der Universität zu Anordnung der Lenzischen Jubelfeier (Unterzeichner: Johann Traugott Leberecht Danz, Karl Wilhelm Stark und Wilhelm Karl Friedrich Succow);50940
9/1507;Danz, Johann Traugott Leberecht;36557
9/1507;Stark, Karl Wilhelm;41712
9/1507;Succow, Wilhelm Karl Friedrich;41899
9/1508;Kruse, Friedrich Karl Hermann;50888
9/1509;Müller, Friedrich Theodor Adam Heinrich von;44617
9/1510;Bernstorff, Auguste Luise Gräfin von;48315
9/1511;Sachsen-Weimar-Eisenach, Karl August Großherzog von;40962
9/1512;Rellstab, Heinrich Friedrich Ludwig;51124
9/1513;Abeken, Bernhard Rudolf;42953
9/1514;Müller, Friedrich Theodor Adam Heinrich von;44617
9/1515;Willemer, Marianne von;45745
9/1516;Heidelberg, Friedrich Wilhelm Gerhard;50587
9/1517;Schubarth, Karl Ernst;41353
9/1518;Soret, Frédéric Jacob;46734
9/1519;Werneburg, Johann Friedrich Christian;42613
9/1520;Große, Johann Ernst Christian Ludwig;43846
9/1521;Soret, Frédéric Jacob;46734
9/1522;Nees von Esenbeck, Christian Gottfried Daniel;44667
9/1523;Heinroth, Johann Christian August;50702
9/1524;Peucer, Heinrich Karl Friedrich;44793
9/1525;Cotta, Johann Friedrich von;36466
9/1526;Pogwisch, Ulrike von;44816
9/1527;Harnier, Kaspar Ludwig Simon Eduard;50556
9/1528;Lenz, Johann Georg;39094
9/1529;Platzmann (C. Platzmann Söhne);51553
9/1530;Sachsen-Weimar-Eisenach, Karl August Großherzog von;40962
9/1531;Soret, Frédéric Jacob;46734
9/1532;Schultz, Christoph Ludwig Friedrich;41393
9/1533;Grüner, Joseph Sebastian;37671
9/1534;Voigt, Friedrich Siegmund;42352
9/1535;Rückert, Johann Michael Friedrich;44993
9/1536;Manzoni, Alessandro Francesco Tommaso;50511
9/1537;Cattaneo, Gaetano;36305
9/1538;Schmidt, Christian Friedrich;45171
9/1539;Meyer, Johann Heinrich;44570
9/1540;Eichstädt, Heinrich Karl Abraham;36868
9/1541;Sachsen-Weimar-Eisenach, Karl August Großherzog von;40962
9/1542;Boisserée, Johann Sulpiz Melchior Dominikus;43183
9/1543;Schultz, Christoph Ludwig Friedrich;41393
9/1544;Cramer, Christoph Ludwig Wilhelm;43388
9/1545;Andreä, Gebrüder;46880
9/1546;Heidelberg, Friedrich Wilhelm Gerhard;50587
9/1547;Boisserée, Johann Sulpiz Melchior Dominikus;43183
9/1548;Döbereiner, Johann Wolfgang;36694
9/1549;Rennenkampff, Karl Jakob Alexander von;44923
9/1550;Schaller, Gottlob Ferdinand;51816
9/1551;Wagener, Julius Christian;47221
9/1552;Färber, Johann Michael Christoph;43600
9/1553;Iken, Karl Jakob Ludwig;44118
9/1554;Döbereiner, Johann Wolfgang;36694
9/1555;Lenz, Johann Georg;39094
9/1556;Lößl, Ignaz;39232
9/1557;Osann, Friedrich Gotthilf;44746
9/1558;Weller, Christian Ernst Friedrich;45701
9/1559;Willemer, Johann Jakob von;42695
9/1560;Schultz, Christoph Ludwig Friedrich;41393
9/1561;Döbereiner, Johann Wolfgang;36694
9/1562;Döbereiner, Johann Wolfgang;36694
9/1563;Färber, Johann Michael Christoph;43600
9/1564;Frommann, Karl Friedrich Ernst;43691
9/1565;Sachsen-Weimar-Eisenach, Karl August Großherzog von;40962
9/1566;Nees von Esenbeck, Christian Gottfried Daniel;44667
9/1567;Schultz, Christoph Ludwig Friedrich;41393
9/1568;Alton, Eduard Joseph d';42969
9/1569;Schöne, Karl Christian Ludwig;51200
9/1570;Schubarth, Karl Ernst;41353
9/1571;Waagen, Gustav Friedrich;42393
9/1572;Eichstädt, Heinrich Karl Abraham;36868
9/1573;Henning, Leopold von;43969
9/1574;Knebel, Karl Ludwig von;44242
9/1575;Verlohren, Heinrich Ludwig;42281
9/1576;Sternberg, Kaspar Maria Graf von;49782
9/1577;Wolf, Friedrich August;45771
9/1578;Max, Joseph Elias;44514
9/1579;Färber, Johann Michael Christoph;43600
9/1580;Frommann, Karl Friedrich Ernst;43691
9/1581;Schumann, Johann Christoph Wilhelm;45258
9/1582;Fritsch, Karl Wilhelm von;37232
9/1583;Knebel, Karl Ludwig von;44242
9/1584;Sachsen-Weimar-Eisenach, Karl August Großherzog von;40962
9/1585;Knebel, Karl Ludwig von;44242
9/1586;Schreibers, Karl Franz Anton von;45222
9/1587;Fikentscher, Georg Friedrich Christian;50310
9/1588;Natterer, Joseph;50378
9/1589;Soret, Frédéric Jacob;46734
9/1590;Loos, Gottfried Bernhard;44443
9/1591;Zelter, Dorothea (Doris) Auguste Cäcilie;45814
9/1592;Both, Karl Friedrich von;35960
9/1593;Lenz, Johann Georg;39094
9/1594;Rochlitz, Johann Friedrich;44950
9/1595;Mayer, Johann Friedrich;51354
9/1596;Sachsen-Weimar-Eisenach, Karl August Großherzog von;40962
9/1597;Färber, Johann Michael Christoph;43600
9/1598;Hundeshagen, Helfrich Bernhard;44102
9/1599;Boisserée, Johann Sulpiz Melchior Dominikus;43183
9/1600;Döbereiner, Johann Wolfgang;36694
9/1601;Egloffstein, Julie Gräfin von und zu;46093
9/1602;Köhler, Heinrich Karl Ernst von;38720
9/1603;Langheinrich, Johann Gottlieb;51271
9/1604;Grüner, Joseph Sebastian;37671
9/1605;Willemer, Johann Jakob von;42695
9/1606;Willemer, Marianne von;45745
9/1607;Lenz, Johann Georg;39094
9/1608;Riemer, Friedrich Wilhelm;40714
9/1609;Schultz, Christoph Ludwig Friedrich;41393
9/1610;Zauper, Joseph Stanislaus;50158
9/1611;Döbereiner, Johann Wolfgang;36694
